fecha,precio_real,pronostico
2017-06-23,67.24148433333333,65.28848218088164
2017-06-24,65.88230399999999,64.34736516423197
2017-06-25,67.085321,64.49981601017915
2017-06-26,68.11741433333333,66.18776799318846
2017-06-27,69.86352133333334,66.48068927981012
2017-06-28,67.32413133333334,68.68698331349498
2017-06-29,66.26022333333334,65.92197863647586
2017-06-30,66.18605699999999,63.507137356925064
2017-07-01,66.08043266666665,64.76075587973888
2017-07-02,64.67343966666668,64.56051370522974
2017-07-03,64.502807,63.672150049668105
2017-07-04,66.11115466666666,65.08265804832668
2017-07-05,64.90935133333333,64.25207070088477
2017-07-06,65.684378,62.97183980893234
2017-07-07,66.397623,63.559633728243384
2017-07-08,65.128314,63.40392949524726
2017-07-09,67.10649566666667,63.5431930784743
2017-07-10,74.43969566666665,65.51506987115901
2017-07-11,74.58710333333333,70.765225884193
2017-07-12,66.23619000000001,73.76728371144303
2017-07-13,71.084041,67.66095582555549
2017-07-14,71.184961,68.05968765717523
2017-07-15,64.68149233333332,69.42559618386767
2017-07-16,66.19692833333333,65.63538148312703
2017-07-17,69.828546,66.05159663177193
2017-07-18,83.24523666666667,67.81468870996102
2017-07-19,87.24203533333333,77.74343418119854
2017-07-20,68.04210933333333,84.13159798344472
2017-07-21,73.79165333333333,71.72035050244918
2017-07-22,65.68087733333333,72.22183355218901
2017-07-23,65.20172133333334,66.55628382179003
2017-07-24,70.77292,66.2243165958965
2017-07-25,77.04400299999999,69.25383724326522
2017-07-26,72.215283,74.11340741298363
2017-07-27,78.90485333333334,70.82572996554181
2017-07-28,83.09043366666667,75.39575267355139
2017-07-29,72.491247,79.07704376101995
2017-07-30,71.758797,74.82688421243395
2017-07-31,70.41210966666667,72.86045112006889
2017-08-01,93.92654066666668,71.027920605146
2017-08-02,79.31393233333334,86.60916313397426
2017-08-03,81.083259,79.74726827505786
2017-08-04,67.68047933333334,80.34038339637816
2017-08-05,64.763993,68.85349483969947
2017-08-06,64.343773,65.32975538237167
2017-08-07,65.99661666666667,65.40461972045337
2017-08-08,70.64557433333333,67.70803099857129
2017-08-09,68.110483,66.78351384871462
2017-08-10,68.297866,66.5303439486812
2017-08-11,66.00576033333333,64.02184768176075
2017-08-12,69.036391,61.76472328338339
2017-08-13,68.65192133333333,65.39698719836245
2017-08-14,79.24516799999999,68.40106749432442
2017-08-15,85.64970666666666,76.33578123418508
2017-08-16,73.98132033333333,83.3200391366961
2017-08-17,79.784457,74.2959436764915
2017-08-18,97.04370033333332,75.62869498606901
2017-08-19,110.759941,90.3003876110663
2017-08-20,98.504147,105.09015334616466
2017-08-21,107.28717233333332,102.87382915703802
2017-08-22,106.52369166666666,108.02080280108672
2017-08-23,108.341109,106.86317056908369
2017-08-24,116.31233533333334,108.90984436341782
2017-08-25,113.66643933333334,116.39839348285606
2017-08-26,114.76938166666667,115.75023955265414
2017-08-27,113.028043,115.68241463310079
2017-08-28,127.261932,115.65186714848451
2017-08-29,134.052757,126.90367132969882
2017-08-30,138.54440333333335,134.45799708689935
2017-08-31,137.150316,139.80402710046252
2017-09-01,143.966866,140.43658608058294
2017-09-02,140.88931233333332,143.71465929201614
2017-09-03,138.26085366666666,143.83583755974948
2017-09-04,140.795393,144.0029507790707
2017-09-05,136.67395633333334,144.035580218706
2017-09-06,139.78011899999998,141.20818058883037
2017-09-07,133.07375633333334,142.61454175619588
2017-09-08,139.25332733333337,137.21604662220275
2017-09-09,124.23456433333332,139.65932484083365
2017-09-10,126.369921,129.74718655797847
2017-09-11,130.47855,128.12409132760962
2017-09-12,124.24087333333334,129.62918405319638
2017-09-13,128.52422099999998,125.0190447457577
2017-09-14,133.75898766666668,125.74806637204553
2017-09-15,114.14744333333334,131.51575834356066
2017-09-16,116.79507366666668,117.69941997897543
2017-09-17,113.190416,115.95144487780094
2017-09-18,122.36738733333334,111.50719282919707
2017-09-19,102.12831066666666,119.37939344080974
2017-09-20,112.92267599999998,104.55881717053599
2017-09-21,123.869729,109.92198773552515
2017-09-22,119.98676233333332,115.48138714862297
2017-09-23,123.17201033333332,115.99093725311877
2017-09-24,113.733564,118.99711893597812
2017-09-25,112.21035833333332,113.73855369152963
2017-09-26,116.033576,110.24594743895695
2017-09-27,111.604996,114.04055467440378
2017-09-28,131.83143766666666,110.41809204446908
2017-09-29,109.15605966666668,123.92256172817096
2017-09-30,106.200726,111.11300644640242
2017-10-01,106.23805933333334,105.81693574101979
2017-10-02,115.911177,102.51397828744241
2017-10-03,115.40784133333334,111.22944752256913
2017-10-04,119.14000266666666,114.41889814493065
2017-10-05,128.51020866666667,116.8521387771654
2017-10-06,114.750985,121.97273813156252
2017-10-07,125.742556,114.42297116822533
2017-10-08,115.74409733333334,119.88679254806472
2017-10-09,122.987741,116.38640215732823
2017-10-10,120.18159933333334,121.70334308472447
2017-10-11,125.198774,120.75629593562148
2017-10-12,126.065516,124.90249419349
2017-10-13,134.13793166666667,123.1885316137708
2017-10-14,124.505846,130.28046108865436
2017-10-15,125.34577566666668,124.81667544762978
2017-10-16,123.565961,126.2144917919738
2017-10-17,138.00487633333333,122.3641827349479
2017-10-18,153.34033133333335,135.09961620303474
2017-10-19,151.799721,149.47773236965375
2017-10-20,157.1142573333333,151.94088717872853
2017-10-21,171.44291866666666,155.80740106357553
2017-10-22,155.991737,168.2139074670026
2017-10-23,166.69831633333334,159.88167298952274
2017-10-24,167.43245366666665,170.8102086748821
2017-10-25,168.776911,171.54950833398658
2017-10-26,173.11682333333331,173.82936635319658
2017-10-27,166.36420866666666,176.27672067015848
2017-10-28,157.200716,169.1010644534193
2017-10-29,146.883607,161.19855619232047
2017-10-30,131.012042,153.39026365277834
2017-10-31,109.71150133333332,138.64892226544708
2017-11-01,137.22967766666667,117.51839076494454
2017-11-02,135.529057,132.07352885005068
2017-11-03,144.78157000000002,131.64078870448057
2017-11-04,137.58817833333333,138.8988608965272
2017-11-05,135.60768266666665,133.23980839953165
2017-11-06,131.86139566666665,131.9487354803307
2017-11-07,137.253969,129.72912383388262
2017-11-08,142.7064993333333,135.6630854478221
2017-11-09,148.5554976666667,140.62070548053293
2017-11-10,149.671185,147.05493992531967
2017-11-11,148.57526800000002,144.81001634332293
2017-11-12,139.55214099999998,145.36557310346242
2017-11-13,143.60680766666667,138.12440732796858
2017-11-14,164.56514333333334,142.51775116569215
2017-11-15,156.61979566666665,162.38306732673095
2017-11-16,156.572584,159.57106131135345
2017-11-17,151.76646133333333,156.42642134249525
2017-11-18,136.393189,152.43318370924945
2017-11-19,120.51596433333332,136.80858245755064
2017-11-20,104.73502166666668,121.65512450425226
2017-11-21,111.31363,110.54805116040227
2017-11-22,109.31732166666666,109.38263492892959
2017-11-23,121.167878,108.21552426754886
2017-11-24,101.62838533333333,115.51505286245667
2017-11-25,97.31034166666666,99.19383447710393
2017-11-26,83.55770633333333,91.23303780098914
2017-11-27,86.87425633333334,79.86992529212242
2017-11-28,89.91492900000001,79.90084576290069
2017-11-29,88.01087633333333,83.45521000019164
2017-11-30,88.59577,85.53105764269722
2017-12-01,83.840648,81.5458331952102
2017-12-02,80.58196,76.53286350153093
2017-12-03,76.28303700000001,72.3820668525596
2017-12-04,72.44799433333334,72.38151314454163
2017-12-05,77.44816433333334,69.28019543561821
2017-12-06,78.35132533333334,73.6075963935621
2017-12-07,81.15309166666667,73.66888670532676
2017-12-08,81.58262333333333,73.43373611375763
2017-12-09,85.32888966666667,73.20915552777615
2017-12-10,85.63555833333334,76.49554397050137
2017-12-11,91.10220366666664,79.08536662067714
2017-12-12,85.20913466666666,87.86699923754595
2017-12-13,89.10845466666666,85.90722132701254
2017-12-14,83.61715533333334,86.50308416722592
2017-12-15,77.21900233333334,82.41397750018906
2017-12-16,81.88822133333333,75.58837149242726
2017-12-17,77.15715533333334,76.57676710014938
2017-12-18,91.489729,74.39060911108865
2017-12-19,89.65788100000002,86.02067764644787
2017-12-20,101.45335866666666,88.36930530539111
2017-12-21,106.918086,97.78263457589817
2017-12-22,114.05560933333334,102.76559603909507
2017-12-23,116.22968266666668,109.41696466009805
2017-12-24,121.53356166666669,113.5140730702146
2017-12-25,126.282314,120.46516209006843
2017-12-26,139.34277699999998,126.42331134448564
2017-12-27,144.56693,139.0450942568412
2017-12-28,142.92285266666667,145.4600895543329
2017-12-29,145.49627466666666,147.1434375471468
2017-12-30,162.96831466666666,148.53573225561942
2017-12-31,150.864909,163.30109821342938
2018-01-01,121.03208566666666,157.45426026607237
2018-01-02,136.319519,135.0862548904485
2018-01-03,135.04233133333335,138.51735683402697
2018-01-04,144.26584333333332,136.7895696176634
2018-01-05,136.40150033333333,144.71218352239958
2018-01-06,136.32859566666667,140.09675056492202
2018-01-07,133.05167966666667,137.9247047870449
2018-01-08,132.06279666666669,133.60503605738444
2018-01-09,134.23148733333332,134.17174378718886
2018-01-10,134.31906766666663,134.70799696461043
2018-01-11,134.682368,135.69373748592
2018-01-12,133.43789366666667,133.76153551019388
2018-01-13,131.555605,133.2497094316035
2018-01-14,129.27953366666665,128.57417757647264
2018-01-15,114.52980733333334,128.65453673426197
2018-01-16,125.97938433333331,118.98181795641439
2018-01-17,120.936774,123.52175484818797
2018-01-18,121.46157666666666,120.46714240990441
2018-01-19,122.10265766666669,120.99177324803644
2018-01-20,116.55085833333334,118.48725565711729
2018-01-21,94.12136,112.91797094703273
2018-01-22,118.13285166666668,95.81455667583705
2018-01-23,115.387584,110.19581033806928
2018-01-24,113.09639866666669,111.3616163767541
2018-01-25,114.192152,112.30761893876166
2018-01-26,112.67222233333332,110.40481900224262
2018-01-27,120.257951,109.69856180763185
2018-01-28,115.49675333333334,113.94636809235638
2018-01-29,120.73542666666668,111.4676827532158
2018-01-30,119.19622366666664,116.58647811917996
2018-01-31,121.91969866666666,118.33421185728463
2018-02-01,138.67725133333332,119.58710411822445
2018-02-02,134.016788,132.98421946356206
2018-02-03,148.98499333333334,131.34279851311447
2018-02-04,146.00758299999998,143.80786926292063
2018-02-05,147.30168166666667,146.57284616079775
2018-02-06,130.64200300000002,147.70547736923035
2018-02-07,149.77000966666665,135.6466791347858
2018-02-08,132.59473866666667,149.17253805842174
2018-02-09,133.96944066666666,136.73713763093224
2018-02-10,131.1576,135.40021160552288
2018-02-11,133.67904366666667,132.12880025735132
2018-02-12,135.82701933333334,132.40515526585767
2018-02-13,133.93104200000002,133.20009621639284
2018-02-14,134.09823,136.71824820971048
2018-02-15,137.25402933333334,132.96584942670626
2018-02-16,138.30625533333333,135.97603759693536
2018-02-17,131.91696233333332,136.76601797612634
2018-02-18,127.24746966666667,131.32151209811943
2018-02-19,136.67461799999998,126.3252706896695
2018-02-20,141.090882,134.94613030045448
2018-02-21,158.38054866666667,138.72945926885058
2018-02-22,146.99704266666666,153.22704537154036
2018-02-23,143.68737333333334,148.95740773191656
2018-02-24,139.341144,146.20020246800146
2018-02-25,142.332819,139.84539663594123
2018-02-26,150.60755033333334,141.27480294281597
2018-02-27,150.347299,149.2376504489564
2018-02-28,146.20169033333335,149.8477021919047
2018-03-01,138.68059133333335,147.26972712935716
2018-03-02,152.410879,140.2729845834358
2018-03-03,153.66060966666666,147.79472563329728
2018-03-04,174.57557766666665,153.31251903632682
2018-03-05,182.808033,171.60462203358495
2018-03-06,177.889282,180.67107136877235
2018-03-07,180.07243766666667,180.73339819693402
2018-03-08,177.407812,181.30151865485524
2018-03-09,178.69019666666668,178.96062629896178
2018-03-10,184.529262,181.64000473727498
2018-03-11,189.54114766666663,188.3721077537996
2018-03-12,204.132125,193.4284312200013
2018-03-13,207.84570066666663,205.7720790312198
2018-03-14,212.6909643333333,210.1317862897643
2018-03-15,205.12565133333337,216.3495192577933
2018-03-16,199.63988166666664,212.1753466751053
2018-03-17,186.042369,206.86055057933743
2018-03-18,177.19315666666668,194.9887742717056
2018-03-19,166.430868,185.92353725293992
2018-03-20,172.28494733333332,172.79083863838304
2018-03-21,165.05066833333333,174.0997453685913
2018-03-22,154.14860966666666,166.43121978176092
2018-03-23,144.72452066666665,154.89743218175553
2018-03-24,141.83382833333334,145.53731468618543
2018-03-25,152.87556833333335,141.26500362531493
2018-03-26,167.22248466666665,147.70528485170266
2018-03-27,174.13481166666665,160.56599346557485
2018-03-28,178.6197403333333,166.56395692637588
2018-03-29,167.0461783333333,170.45359173394257
2018-03-30,115.505895,164.36776303117225
2018-03-31,153.33694366666666,125.80677484239546
2018-04-01,117.94257233333332,146.142267612229
2018-04-02,153.95819100000003,125.17825497840617
2018-04-03,149.73715133333334,147.53666699095965
2018-04-04,138.79035100000002,143.99845331708445
2018-04-05,130.03008066666666,135.65991915695156
2018-04-06,111.579035,122.5521277152062
2018-04-07,119.66310733333334,111.53655189440659
2018-04-08,101.725565,112.25312358823426
2018-04-09,108.21183866666668,104.94475560154567
2018-04-10,113.08530766666668,103.27342020278226
2018-04-11,137.976052,105.3744590023557
2018-04-12,113.737529,120.67543324307493
2018-04-13,120.85490966666669,108.89053869563783
2018-04-14,116.61492,115.15853337769121
2018-04-15,102.41385066666663,111.89538561408908
2018-04-16,121.55564366666668,104.93741266389112
2018-04-17,123.04472166666666,116.7009813196217
2018-04-18,131.37010533333333,118.8525204923971
2018-04-19,127.012295,120.43907096793023
2018-04-20,116.163385,121.90642114677128
2018-04-21,78.23397366666667,111.37518056404049
2018-04-22,84.28010833333333,85.71875777813463
2018-04-23,121.91622933333332,87.05992689530262
2018-04-24,134.71423866666666,112.76985172497744
2018-04-25,127.778505,128.18985852811593
2018-04-26,110.44785766666666,124.74521442388324
2018-04-27,102.920956,105.42673057133962
2018-04-28,88.84373633333333,96.81209014446054
2018-04-29,70.72174633333334,89.86002647976144
2018-04-30,94.73010266666664,77.80774288979103
2018-05-01,77.58360366666666,94.45474425805698
2018-05-02,82.80103433333333,76.81071746378072
2018-05-03,78.22397633333333,77.1671071639318
2018-05-04,70.83730866666667,68.82604650896884
2018-05-05,80.08928166666665,63.08860492473828
2018-05-06,76.86036833333333,73.54318064059399
2018-05-07,86.97582633333333,75.75779677794546
2018-05-08,109.93913833333332,81.21060668513685
2018-05-09,76.20294266666666,101.5688644970309
2018-05-10,74.602801,77.90491102256632
2018-05-11,71.18500333333334,68.47100674162685
2018-05-12,66.62771500000001,65.82386317565346
2018-05-13,66.86152433333334,65.06285393736235
2018-05-14,66.93410399999999,67.73569341734827
2018-05-15,64.74216566666666,68.78664906130764
2018-05-16,65.776432,62.71115596847647
2018-05-17,70.77792233333334,60.90869164056297
2018-05-18,69.29706866666668,61.35502873252976
2018-05-19,68.71416966666666,61.019051733597095
2018-05-20,65.26426966666666,62.81327897627397
2018-05-21,68.78467133333334,65.6794416311281
2018-05-22,69.736372,68.67961197548732
2018-05-23,72.761375,66.62102130052367
2018-05-24,74.158421,67.82253690494491
2018-05-25,74.87369166666666,70.1466326989357
2018-05-26,89.93246066666666,71.54530428186925
2018-05-27,77.21662166666667,82.85012167361053
2018-05-28,70.18499166666668,80.7407998573918
2018-05-29,69.12417166666667,72.53422751734473
2018-05-30,69.388861,67.98937249296975
2018-05-31,102.199959,68.25968756852751
2018-06-01,72.765119,89.98705046739629
2018-06-02,71.432599,76.90742519470508
2018-06-03,69.30725233333334,73.38609757578415
2018-06-04,70.49265933333334,67.53811973038323
2018-06-05,71.93662833333333,71.5446682008498
2018-06-06,65.88276900000001,71.57849784842094
2018-06-07,69.75958066666666,66.13363952275095
2018-06-08,75.17287066666667,67.0255723240786
2018-06-09,76.467779,70.87485206683506
2018-06-10,75.64060466666666,71.63090723443246
2018-06-11,69.207014,73.83991548059625
2018-06-12,69.94407333333334,69.4164327839865
2018-06-13,69.59714533333333,69.77583252154022
2018-06-14,69.76795366666666,69.35001374570838
2018-06-15,77.488836,68.72361374669083
2018-06-16,72.04524866666667,73.4670575909352
2018-06-17,68.593454,70.7460649528227
2018-06-18,69.838623,66.95321121942227
2018-06-19,70.34302533333333,67.38312289353945
2018-06-20,70.40386266666667,69.84534674424883
2018-06-21,70.49786566666667,69.69437871197502
2018-06-22,72.04209833333333,69.6372837741092
2018-06-23,72.508205,70.57496802119678
2018-06-24,72.134313,69.41363163196925
2018-06-25,102.77216033333332,68.28776439008654
2018-06-26,89.66399799999999,93.09668658794916
2018-06-27,78.594329,89.35759921292777
2018-06-28,89.523703,84.75224675505463
2018-06-29,71.351915,88.18202701749432
2018-06-30,72.83203933333333,73.05176835689853
2018-07-01,72.431231,73.57606094662182
2018-07-02,68.64851833333334,73.25872299142208
2018-07-03,67.55212666666667,68.53479286994101
2018-07-04,76.660183,65.89480015554524
2018-07-05,69.00173366666667,72.57306284789487
2018-07-06,71.24463133333333,68.35805997493384
2018-07-07,70.819911,69.54863017735758
2018-07-08,72.14500333333334,69.47874356868662
2018-07-09,101.452898,70.15471573922767
2018-07-10,101.66747300000002,90.0343075355033
2018-07-11,88.79535966666667,98.16031857549578
2018-07-12,71.994283,91.02421634896895
2018-07-13,95.59133733333331,75.88844532983124
2018-07-14,68.009046,90.20705481776183
2018-07-15,72.359026,75.2903012540096
2018-07-16,71.50964266666666,75.3318045580661
2018-07-17,76.40480633333333,71.37969569607553
2018-07-18,88.80979400000001,74.37379968536153
2018-07-19,108.646424,80.02173410899474
2018-07-20,74.38228266666667,100.36258754760148
2018-07-21,76.889811,79.29779109521986
2018-07-22,70.660289,77.51226243309938
2018-07-23,104.97634133333332,72.389020035508
2018-07-24,73.720202,98.71240912037779
2018-07-25,101.45325333333334,76.00478541783589
2018-07-26,72.76278266666667,97.60882837625053
2018-07-27,86.68598466666667,74.54377372468144
2018-07-28,72.54325833333334,81.65180456329625
2018-07-29,77.538233,74.5784466861381
2018-07-30,79.98956733333334,80.9332408098158
2018-07-31,71.21284933333334,76.50094471262955
2018-08-01,91.355621,74.87435133277624
2018-08-02,109.86990733333332,82.30189577135272
2018-08-03,84.64013666666666,98.08900100576439
2018-08-04,78.05109466666667,85.72577975912714
2018-08-05,73.28355666666667,81.91346006100395
2018-08-06,72.68115766666666,74.14331193918977
2018-08-07,72.19403533333333,75.45112457782025
2018-08-08,96.16142766666668,74.31629907565254
2018-08-09,110.932156,87.10132220961334
2018-08-10,96.29447166666668,102.19504074958967
2018-08-11,109.96938866666666,96.10161645724423
2018-08-12,81.155136,103.45305979035786
2018-08-13,127.64019966666666,86.35241018410036
2018-08-14,118.27835166666668,120.25767377386791
2018-08-15,92.299067,121.36606784720918
2018-08-16,98.52046933333334,104.39034918671157
2018-08-17,103.33251533333332,95.73220364560561
2018-08-18,75.39089333333334,98.57836221197968
2018-08-19,77.01487066666667,79.95975996469711
2018-08-20,80.05409066666667,82.14837391741737
2018-08-21,88.18977233333334,79.95919644459536
2018-08-22,105.82319233333332,87.14065835645141
2018-08-23,133.35563433333334,97.94520817328926
2018-08-24,114.17972866666666,121.5142322103032
2018-08-25,98.57088766666668,112.79079906854668
2018-08-26,76.47533633333333,99.8158169355756
2018-08-27,76.73901966666666,82.74793780406716
2018-08-28,77.094403,78.95728186755215
2018-08-29,83.65898466666667,77.97067849909514
2018-08-30,104.196067,87.3373883210621
2018-08-31,138.54378666666668,96.39466152086702
2018-09-01,118.58886566666666,120.02335740058935
2018-09-02,77.22531633333334,117.54837312563018
2018-09-03,85.67061066666668,88.45961768362065
2018-09-04,116.310269,84.08240729870748
2018-09-05,119.23922833333334,110.89157554086317
2018-09-06,97.969682,120.9145413240365
2018-09-07,73.43868433333334,100.9703519301914
2018-09-08,71.27926866666667,76.54973220954709
2018-09-09,73.95113633333334,66.2670684885149
2018-09-10,77.22297733333333,70.14270409217576
2018-09-11,80.087611,81.90953828030801
2018-09-12,94.13515666666667,80.99773539019954
2018-09-13,89.94505633333334,88.12289615989651
2018-09-14,83.58057566666668,85.81500733342199
2018-09-15,75.39021966666667,75.34942965667823
2018-09-16,76.80495533333334,67.64870064085383
2018-09-17,111.95490066666667,74.0460938478858
2018-09-18,96.25733466666668,102.47609024242752
2018-09-19,103.16801333333336,99.23746865750212
2018-09-20,88.647919,106.1748145261498
2018-09-21,92.04693366666667,91.13804571685435
2018-09-22,90.13300466666664,87.16803396452165
2018-09-23,93.540584,86.60454431812278
2018-09-24,107.916207,92.43471151480738
2018-09-25,141.695082,103.58998157588425
2018-09-26,141.01999500000002,133.34722406710097
2018-09-27,133.96143433333333,137.56713889129102
2018-09-28,144.62547600000002,137.40038619812273
2018-09-29,154.86706466666666,142.94548486898492
2018-09-30,132.29397233333333,152.17256267269727
2018-10-01,162.12460333333334,141.3587003836169
2018-10-02,173.082718,166.73577395022855
2018-10-03,156.205978,176.4663330234744
2018-10-04,132.51580633333336,164.40577231515957
2018-10-05,129.816376,140.1724978280847
2018-10-06,104.98456133333332,133.39735818225216
2018-10-07,98.666316,114.60266521027584
2018-10-08,107.63711633333332,107.8863983060314
2018-10-09,96.132279,108.94381052785633
2018-10-10,75.908281,97.11299021244601
2018-10-11,83.638896,75.97372862176428
2018-10-12,82.71083033333333,76.08002591177367
2018-10-13,74.38597033333333,73.17884278600795
2018-10-14,72.43596166666667,70.1627614003341
2018-10-15,94.30675533333334,74.03827517567868
2018-10-16,121.47391,85.74679348729683
2018-10-17,133.417668,104.24601550384668
2018-10-18,139.405066,123.32585420850921
2018-10-19,120.30346233333334,131.32805941651554
2018-10-20,97.22783533333336,118.90997269290321
2018-10-21,87.28969666666667,103.86176621848016
2018-10-22,115.03097333333334,94.19475906490247
2018-10-23,106.02861733333334,111.2945372846382
2018-10-24,147.13140033333335,108.7238204944799
2018-10-25,155.56768733333334,136.27145945665535
2018-10-26,127.475544,143.8258940496632
2018-10-27,141.31415333333334,130.5372176909237
2018-10-28,143.105826,138.47294747052356
2018-10-29,180.441112,145.1416754319462
2018-10-30,159.318841,178.44774898466136
2018-10-31,158.57073866666667,170.24913312147785
2018-11-01,158.49570033333333,161.50812161171075
2018-11-02,162.017912,156.13505142496032
2018-11-03,134.55376933333335,161.5703790408412
2018-11-04,115.20427133333334,144.87599109586947
2018-11-05,112.463974,130.9980603387477
2018-11-06,112.90333866666668,119.74847173389836
2018-11-07,96.46995400000002,116.26634432507417
2018-11-08,91.19883166666666,97.45905664127278
2018-11-09,98.34951766666666,87.52155586951126
2018-11-10,92.98535233333332,87.13453162104727
2018-11-11,84.831115,85.95259442419385
2018-11-12,82.225194,80.6535235679584
2018-11-13,90.90037866666664,82.32676619455725
2018-11-14,108.475888,86.886452471846
2018-11-15,87.41133766666667,98.82771962929061
2018-11-16,92.551489,85.43528284140825
2018-11-17,97.03105033333334,83.18038137128138
2018-11-18,101.098398,86.60685690613474
2018-11-19,99.87249766666667,96.64358864560056
2018-11-20,108.446253,98.00153890896792
2018-11-21,92.967385,104.82821115308403
2018-11-22,101.277064,95.67254481055919
2018-11-23,99.00873666666666,94.7585596832016
2018-11-24,96.18858033333332,92.44712683804595
2018-11-25,98.01229233333332,93.78613557272591
2018-11-26,102.72299533333332,96.35505966403379
2018-11-27,94.82961266666666,100.99449680863741
2018-11-28,108.11465466666664,92.23725748376927
2018-11-29,104.110457,103.29920524794191
2018-11-30,98.840966,102.60097672639034
2018-12-01,88.460955,99.006391391832
2018-12-02,89.57200999999999,87.13249992163061
2018-12-03,95.51643833333333,87.99388289217383
2018-12-04,101.11946633333334,92.83630937620181
2018-12-05,92.61465066666666,97.38066524885852
2018-12-06,107.97421033333336,91.63239958060849
2018-12-07,115.63936133333334,102.85221470795781
2018-12-08,108.71874533333336,109.33317066672416
2018-12-09,136.64206633333333,108.61869959699357
2018-12-10,151.228851,129.73980460894637
2018-12-11,179.145492,145.73282487080905
2018-12-12,177.59009799999998,175.2373327966248
2018-12-13,190.83868,179.97865453381706
2018-12-14,194.268645,190.53072142870442
2018-12-15,198.09892833333333,199.23938103992535
2018-12-16,201.81190966666668,207.85640379050156
2018-12-17,200.113225,211.5971619242874
2018-12-18,201.59541633333333,213.7901367937425
2018-12-19,209.60707266666668,211.5450623689494
2018-12-20,222.78954466666667,217.82297541641424
2018-12-21,224.10373933333332,228.52344451050456
2018-12-22,231.097425,232.47080446834187
2018-12-23,236.99821266666663,240.11476796494838
2018-12-24,236.38558466666663,247.19261896735136
2018-12-25,158.87631966666666,246.5724583386096
2018-12-26,244.82033666666663,187.7640042061958
2018-12-27,269.05710500000004,238.8401280016075
2018-12-28,295.847836,265.0422034146443
2018-12-29,301.06145366666664,301.3592228273863
2018-12-30,325.2591893333333,311.15539726492966
2018-12-31,344.58780466666667,334.78913337702437
2019-01-01,295.30676566666665,353.47232259346663
2019-01-02,335.85221733333333,330.3752003256317
2019-01-03,371.5146286666666,352.1838734733778
2019-01-04,375.750485,387.204943424856
2019-01-05,359.6487783333334,396.1618877954392
2019-01-06,314.0623796666667,388.79953163447055
2019-01-07,334.1134226666667,344.9740001473678
2019-01-08,358.9027126666667,350.66057129381375
2019-01-09,323.299968,379.57252004670494
2019-01-10,330.5230256666667,356.08181585528445
2019-01-11,342.893712,352.0591744464017
2019-01-12,292.292098,354.62888175266676
2019-01-13,256.05524633333334,312.54161810278265
2019-01-14,268.316803,269.26920536903765
2019-01-15,252.351045,272.6701514658039
2019-01-16,220.2062873333333,261.94195381995377
2019-01-17,244.18904966666665,235.32677175436308
2019-01-18,218.082691,242.5771711576128
2019-01-19,191.2186123333333,217.22186574793653
2019-01-20,169.33574833333333,189.00669813357626
2019-01-21,196.0510886666667,166.36734914092884
2019-01-22,217.6454513333333,174.53809237521367
2019-01-23,222.350794,196.68085077456197
2019-01-24,291.02213033333334,219.23653049255495
2019-01-25,326.92688100000004,268.5546837019962
2019-01-26,286.312836,304.9346232085549
2019-01-27,240.353099,289.8449765413867
2019-01-28,306.23627733333336,260.2147657477191
2019-01-29,296.87649633333336,293.59317146293995
2019-01-30,298.449502,303.21500756739016
2019-01-31,311.9935073333333,321.9804129646772
2019-02-01,310.63127833333334,319.32005278562576
2019-02-02,275.7391343333333,313.1299248700794
2019-02-03,279.1754066666667,285.55415556631647
2019-02-04,291.462976,287.6689749813524
2019-02-05,304.82214433333337,299.84888249677374
2019-02-06,312.7228293333333,317.20969743457516
2019-02-07,272.71915,321.35344338425364
2019-02-08,265.74831566666666,289.48637097970516
2019-02-09,276.44999766666666,266.07166398715907
2019-02-10,262.7599883333333,272.2700035689822
2019-02-11,247.4859633333333,272.3424183057012
2019-02-12,246.6019543333333,261.17926585901654
2019-02-13,248.09645466666663,254.99646432359225
2019-02-14,257.083818,254.13543371588864
2019-02-15,326.39241,254.13373168220292
2019-02-16,274.139091,305.1563961099467
2019-02-17,257.3841136666667,282.5055101822921
2019-02-18,337.06309833333336,264.1133951467231
2019-02-19,371.4774473333334,324.6041259234855
2019-02-20,350.135649,370.81198592436334
2019-02-21,348.16060266666665,369.493512690965
2019-02-22,376.925401,371.98420054935633
2019-02-23,378.223477,383.75786374658065
2019-02-24,322.590892,384.56633576682214
2019-02-25,361.728692,356.8262213760057
2019-02-26,292.07799,384.79017050546645
2019-02-27,338.38551466666667,320.47460767819297
2019-02-28,310.9847926666667,348.3183176765711
2019-03-01,319.562947,328.13951647850763
2019-03-02,333.571394,323.50663429946667
2019-03-03,296.6530616666667,332.2872005847386
2019-03-04,322.159617,319.0288168334291
2019-03-05,317.92955966666665,321.70340509634883
2019-03-06,320.651192,326.3536848351906
2019-03-07,307.6886963333333,330.005233776867
2019-03-08,309.24780266666664,316.4310226196173
2019-03-09,292.1582906666667,311.7099875526341
2019-03-10,272.9584316666666,302.7830849849751
2019-03-11,278.10611066666667,282.47682363691735
2019-03-12,275.98205466666667,278.78518107539827
2019-03-13,255.44265433333337,282.47737336006395
2019-03-14,239.0810163333333,261.298371341176
2019-03-15,232.38832566666665,245.0961099488616
2019-03-16,259.471961,229.22148626382756
2019-03-17,215.97200633333333,241.1360178470112
2019-03-18,272.14602733333334,217.2405008852799
2019-03-19,284.9555423333333,263.3948376546147
2019-03-20,264.460004,272.901675901804
2019-03-21,262.82217533333335,263.5846288932083
2019-03-22,250.76331466666667,264.1142531730778
2019-03-23,204.555828,255.31247336920208
2019-03-24,184.47960166666667,209.97830277149978
2019-03-25,212.65783866666663,193.65072175230586
2019-03-26,249.11970366666665,201.83877586398054
2019-03-27,246.01575866666667,232.13974269487355
2019-03-28,226.56132333333332,242.22436285995855
2019-03-29,224.25499033333327,224.49585858479202
2019-03-30,211.8114163333333,218.4739605924107
2019-03-31,204.96679200000003,207.80223607676785
2019-04-01,236.4105463333333,207.32050180579844
2019-04-02,254.33297,231.75866817995086
2019-04-03,231.585786,245.54702474025748
2019-04-04,229.29441066666664,233.02510889878516
2019-04-05,240.018307,226.55718417141532
2019-04-06,216.335258,230.9005204527361
2019-04-07,220.03021566666663,223.77386656475102
2019-04-08,212.890701,230.17314908091757
2019-04-09,208.1108343333333,220.22809640717838
2019-04-10,245.13258733333336,209.62188735461956
2019-04-11,265.64078233333333,232.2241420170162
2019-04-12,237.78985866666667,251.00563813750614
2019-04-13,219.40732466666668,240.60915465404972
2019-04-14,199.90611966666663,225.6636820036485
2019-04-15,218.88933066666667,208.68277361846518
2019-04-16,213.2734473333333,224.94358803938957
2019-04-17,161.7432,218.42792684763404
2019-04-18,169.42939666666666,176.6530085915579
2019-04-19,158.61461433333332,164.3956850228792
2019-04-20,123.89042833333332,147.00710600380427
2019-04-21,105.44680766666666,122.06302185324807
2019-04-22,173.41398433333333,107.01578795907423
2019-04-23,186.1905603333333,153.71702557844478
2019-04-24,138.421234,174.2245316239707
2019-04-25,151.36097566666666,140.38822597686396
2019-04-26,111.37316766666667,134.7759603007202
2019-04-27,134.403277,106.05857579122419
2019-04-28,124.45233966666667,119.86543022715723
2019-04-29,154.69992833333333,121.61912419000102
2019-04-30,151.30074633333334,147.57682116501104
2019-05-01,135.29205966666666,143.4202656917991
2019-05-02,185.720306,131.6031555651279
2019-05-03,209.771271,165.48445387469562
2019-05-04,218.80028,193.73372381882353
2019-05-05,212.3719043333333,214.25735003404188
2019-05-06,265.97273666666666,221.3607302363625
2019-05-07,275.03805966666664,253.45275879057738
2019-05-08,280.27713133333333,276.04353592535824
2019-05-09,293.5233553333333,295.05203781678495
2019-05-10,247.43553466666663,301.86475649070246
2019-05-11,211.37215866666668,269.62193567067237
2019-05-12,183.81097666666665,238.76453132560619
2019-05-13,160.48455,209.31561796183377
2019-05-14,155.030796,180.0229837022668
2019-05-15,149.56783399999998,164.3475229472662
2019-05-16,163.414457,149.42628539936896
2019-05-17,131.54693433333333,153.8539770958498
2019-05-18,131.729699,126.40978638135617
2019-05-19,138.06459633333333,122.3317557363151
2019-05-20,148.91713733333333,131.08386985165984
2019-05-21,159.96771666666666,144.24081037032119
2019-05-22,138.476483,149.84894543174528
2019-05-23,127.775142,136.15411681016522
2019-05-24,116.777221,119.1854825798906
2019-05-25,117.78314733333332,109.94445671631543
2019-05-26,111.10383566666668,113.83124584608036
2019-05-27,135.730989,108.4815861584272
2019-05-28,134.61888566666667,128.34787539167408
2019-05-29,125.18578366666668,127.25881950932443
2019-05-30,135.80362233333332,118.5782505222085
2019-05-31,134.57645333333332,124.07584654886237
2019-06-01,129.006749,125.33254496538041
2019-06-02,101.39283633333334,120.1163620684927
2019-06-03,105.439674,104.76314298733897
2019-06-04,124.79062799999998,105.36086155432021
2019-06-05,153.489418,115.36502376665376
2019-06-06,142.374341,142.24247718788797
2019-06-07,123.258533,140.0259240918721
2019-06-08,111.58591233333334,121.89009441598931
2019-06-09,102.034394,109.12049338887624
2019-06-10,116.10776,102.70665678302919
2019-06-11,120.63613433333336,111.50107359922369
2019-06-12,124.08559633333331,117.30007723013999
2019-06-13,88.420442,120.25750607173104
2019-06-14,85.00952733333334,89.86247095934954
2019-06-15,85.57198733333333,77.77756894988352
2019-06-16,81.71949733333334,80.94655400079564
2019-06-17,96.933632,82.5835484738552
2019-06-18,126.87867533333332,94.41832847039251
2019-06-19,136.982816,116.20422912440678
2019-06-20,118.878202,123.26346270802784
2019-06-21,125.09244166666667,114.58554439555392
2019-06-22,98.244464,117.98708636730561
2019-06-23,96.29135766666668,100.92253255962596
2019-06-24,91.34162733333336,100.40106128093711
2019-06-25,104.645715,98.20667843579493
2019-06-26,111.49434933333332,101.79960767111352
2019-06-27,125.46709400000002,105.22427537899733
2019-06-28,127.59838966666666,118.16888983106774
2019-06-29,126.718196,119.51805659403757
2019-06-30,117.016356,122.06910977150369
2019-07-01,122.48625633333332,118.33504665456942
2019-07-02,134.42833533333334,126.30689113947471
2019-07-03,150.81613833333333,133.40838296102638
2019-07-04,143.31014533333334,147.6988295963132
2019-07-05,127.89438,141.13512507273407
2019-07-06,114.34152733333332,128.33416547362006
2019-07-07,106.47122433333334,117.10161880826132
2019-07-08,108.964981,114.070770185887
2019-07-09,105.49321333333334,114.73318053910182
2019-07-10,122.732978,111.06584195044682
2019-07-11,116.81092533333332,117.59784899877877
2019-07-12,129.99923266666667,108.92150688922409
2019-07-13,124.06548633333334,119.4501598356565
2019-07-14,118.13345466666664,118.63445541161735
2019-07-15,129.37430533333333,118.18997898778008
2019-07-16,130.53585566666666,129.4648169695561
2019-07-17,118.73790233333334,134.97663646627342
2019-07-18,131.43195366666666,121.51549422664384
2019-07-19,115.723058,127.93898052622906
2019-07-20,112.69387033333334,114.92470786605108
2019-07-21,124.162494,110.79084522637966
2019-07-22,129.94328399999998,119.77587420262712
2019-07-23,119.512534,128.90716979804102
2019-07-24,119.48394166666668,122.79346266752816
2019-07-25,124.38087733333332,120.37890122988772
2019-07-26,118.06226666666667,120.02496686558833
2019-07-27,113.00447333333334,115.03697151456461
2019-07-28,106.139469,110.71963207331362
2019-07-29,115.07135233333332,106.2392374752524
2019-07-30,131.02184233333335,111.96976294193448
2019-07-31,127.043241,126.4636877692824
2019-08-01,134.97581966666667,127.82442558455831
2019-08-02,135.70540166666666,130.4781372006544
2019-08-03,129.12438433333332,131.24499823369095
2019-08-04,122.36191633333333,129.31615465388484
2019-08-05,129.24853133333332,123.94750948739325
2019-08-06,153.40404033333334,127.09104189078747
2019-08-07,150.4256773333333,148.64952683201696
2019-08-08,113.21691400000002,150.3812814164958
2019-08-09,150.47799333333333,121.57398295915209
2019-08-10,138.32313033333332,143.64885276265014
2019-08-11,132.83056766666667,137.47066891762736
2019-08-12,153.21377166666667,137.48967672038083
2019-08-13,196.6099856666667,152.58156373852876
2019-08-14,213.585803,185.48830019052753
2019-08-15,164.55772133333332,207.22872148408712
2019-08-16,144.73997966666667,179.85501057785984
2019-08-17,133.774525,152.43160883148224
2019-08-18,122.718332,140.16432670299247
2019-08-19,123.66927333333332,132.7903841978012
2019-08-20,110.850035,131.07742270926138
2019-08-21,116.741092,114.55020103682571
2019-08-22,116.27675733333336,111.99775739282188
2019-08-23,130.04047233333333,109.90654168956779
2019-08-24,104.638141,118.19443357436538
2019-08-25,116.921076,103.85872961229435
2019-08-26,165.01580933333332,114.61447972846247
2019-08-27,194.08592066666668,151.44146699292358
2019-08-28,185.13497933333332,180.25739329491165
2019-08-29,198.03199300000003,183.07031945012997
2019-08-30,191.348163,195.09176821101903
2019-08-31,192.94905000000003,190.4017981146002
2019-09-01,177.22942666666668,199.0473026938971
2019-09-02,204.05924066666668,192.87593982695407
2019-09-03,199.037234,213.33091805752457
2019-09-04,217.87836833333333,208.65075934868764
2019-09-05,204.254731,217.92393816713204
2019-09-06,177.49319133333333,206.53525738678908
2019-09-07,188.4394753333333,186.9613278312904
2019-09-08,181.09887933333331,189.14283317522046
2019-09-09,214.8140803333333,190.56135172120528
2019-09-10,264.31987566666663,215.73677974776308
2019-09-11,237.7746823333333,262.28653207746885
2019-09-12,257.776819,246.68255615208605
2019-09-13,300.7204746666667,254.82068694554903
2019-09-14,271.01015233333334,294.6924438590963
2019-09-15,293.522216,289.42467895552005
2019-09-16,338.05680766666666,311.00840711035175
2019-09-17,360.6630256666666,348.37142799773824
2019-09-18,357.88770466666665,375.4806856017629
2019-09-19,353.6128816666667,378.99307548278784
2019-09-20,338.740223,376.71813449017736
2019-09-21,294.5204903333333,362.037024013637
2019-09-22,298.5252986666667,326.8488856613052
2019-09-23,349.15316,327.35688731538824
2019-09-24,374.25720666666666,366.13870499220275
2019-09-25,370.803434,385.94219123537357
2019-09-26,313.168994,388.96676416498156
2019-09-27,321.02436033333333,340.78212918679185
2019-09-28,333.107473,329.0895770133203
2019-09-29,334.8694223333333,343.64183174168454
2019-09-30,414.874895,359.86905651303425
2019-10-01,406.85833,419.2242966471394
2019-10-02,416.9263523333333,424.5868866454917
2019-10-03,396.17496933333337,434.0228954805144
2019-10-04,362.4956056666667,410.05712785707624
2019-10-05,388.0141323333333,387.35797927830015
2019-10-06,370.545653,410.7951390654737
2019-10-07,352.95255933333334,403.29782598181725
2019-10-08,397.699144,385.8088552864019
2019-10-09,412.544227,406.3612141054535
2019-10-10,385.883139,412.39760300015246
2019-10-11,407.5100193333333,403.3150411720023
2019-10-12,373.980034,417.52813953974453
2019-10-13,350.3018493333334,395.5518423300553
2019-10-14,409.00375133333335,381.30180640285255
2019-10-15,388.5504956666667,420.25785995752733
2019-10-16,401.2446993333333,405.69370997404826
2019-10-17,370.2734423333333,409.58033917460307
2019-10-18,395.50447133333336,383.3675624027093
2019-10-19,323.0791096666667,396.5151878548955
2019-10-20,287.3070686666667,347.7416500691817
2019-10-21,327.6870543333334,318.45676042250557
2019-10-22,271.82747466666666,336.4286916969515
2019-10-23,228.43074933333327,289.7215922651389
2019-10-24,251.10253433333327,230.37563501150817
2019-10-25,221.237296,234.5704981192982
2019-10-26,183.53684533333333,207.78879710538246
2019-10-27,169.06661,177.96417371070297
2019-10-28,165.923952,169.25908232791366
2019-10-29,181.96195333333333,155.93777567303968
2019-10-30,183.10507833333332,157.47032238847763
2019-10-31,179.17114633333335,167.13119618784805
2019-11-01,196.18501466666663,154.2254175511481
2019-11-02,179.53791933333332,164.00237174471545
2019-11-03,191.0759833333333,167.11866433455484
2019-11-04,204.610488,174.14289389428575
2019-11-05,200.543913,188.31577466358476
2019-11-06,256.2063383333333,197.59564902332355
2019-11-07,260.81332733333335,238.68330184200568
2019-11-08,276.6809563333333,246.00240659502717
2019-11-09,266.5975376666667,266.57510184072595
2019-11-10,291.49677966666667,266.1704613114587
2019-11-11,295.22820466666667,290.79905896746857
2019-11-12,307.6836836666667,302.5602202060769
2019-11-13,238.661726,321.9278099248222
2019-11-14,256.7078573333333,263.6002639775615
2019-11-15,188.913125,265.1651181896743
2019-11-16,161.4419793333333,207.4160715210182
2019-11-17,171.843651,170.6352550979867
2019-11-18,197.04289866666667,171.92052801635205
2019-11-19,230.56999,194.3242324022351
2019-11-20,233.05181266666668,212.5804868147384
2019-11-21,227.34548400000003,228.80472368050988
2019-11-22,251.51903666666664,220.63204926442393
2019-11-23,237.77114200000003,239.2278199724198
2019-11-24,205.11066766666667,236.66971140910852
2019-11-25,234.40213033333336,217.5483063959898
2019-11-26,209.876795,235.22927439712035
2019-11-27,241.74347666666668,218.43833653792302
2019-11-28,254.34507733333336,237.8723108614339
2019-11-29,269.818587,251.27827847809792
2019-11-30,249.978258,268.91005756922175
2019-12-01,217.336299,258.3945613907057
2019-12-02,271.5756193333333,235.99735767617963
2019-12-03,271.9120956666667,262.7195660538039
2019-12-04,269.907107,277.02924767056936
2019-12-05,223.981186,276.4123672597525
2019-12-06,257.714488,236.29904148372339
2019-12-07,260.53541566666667,250.15257881908656
2019-12-08,266.7238536666667,259.7106095096507
2019-12-09,305.1266596666667,279.8121745739025
2019-12-10,332.9333083333333,312.26711277441365
2019-12-11,358.6859769999999,337.0058792587237
2019-12-12,359.1692703333333,362.35674286785417
2019-12-13,382.9811423333333,371.4366457000483
2019-12-14,373.3651693333333,384.2036352031862
2019-12-15,347.50576100000006,394.4321208610571
2019-12-16,355.1795153333333,379.62014732756256
2019-12-17,307.62551633333334,382.61862813034804
2019-12-18,314.14288833333336,342.76962190618144
2019-12-19,367.0080203333334,334.87233103637084
2019-12-20,320.0899816666667,373.6311121377509
2019-12-21,337.263526,343.2025910505517
2019-12-22,338.3090466666667,346.8465874415067
2019-12-23,351.480132,349.172316102445
2019-12-24,312.58985533333333,359.64546675607545
2019-12-25,275.69171166666666,330.96423066837895
2019-12-26,328.31972766666667,300.46636504924584
2019-12-27,331.9184046666667,323.3133811778641
2019-12-28,279.38793,333.7715422029365
2019-12-29,246.4725933333333,295.6464053967909
2019-12-30,323.892898,264.3123260464967
2019-12-31,274.955101,311.26069808253425
2020-01-01,136.4908333333333,287.4610210843788
2020-01-02,254.39916666666667,175.58784225748593
2020-01-03,232.10458333333332,225.72444728330524
2020-01-04,211.9416666666667,219.90307895254492
2020-01-05,227.64083333333332,209.62296587714894
2020-01-06,208.59833333333333,213.95368419708518
2020-01-07,260.98833333333334,197.36266682491623
2020-01-08,264.26416666666665,238.95971964086507
2020-01-09,293.5720833333333,260.30840440278666
2020-01-10,307.4925,286.2947048045976
2020-01-11,292.21875,304.70752944614264
2020-01-12,309.29125,296.5735226977457
2020-01-13,356.5091666666667,310.96740182541646
2020-01-14,321.3333333333333,344.8474542758956
2020-01-15,347.3454166666667,334.1400731593057
2020-01-16,361.37625,370.79937686815555
2020-01-17,358.24500000000006,370.4529370020226
2020-01-18,355.72875,370.8149180151992
2020-01-19,325.1583333333333,381.16416986235544
2020-01-20,418.56666666666666,350.5827318119057
2020-01-21,417.4966666666666,410.4871491288085
2020-01-22,379.685,434.2244362935761
2020-01-23,368.3025,410.83444860187296
2020-01-24,390.0133333333333,395.5290059393817
2020-01-25,385.6433333333334,406.9408983236304
2020-01-26,369.02,401.0439330925464
2020-01-27,376.815,402.0451839714975
2020-01-28,363.0883333333333,403.64197977837364
2020-01-29,373.9766666666667,373.75680594953343
2020-01-30,371.4075,385.32139292790833
2020-01-31,375.9816666666666,393.7490402780506
2020-02-01,404.3233333333333,385.43955867885387
2020-02-02,375.5895833333333,415.07918570745863
2020-02-03,409.1166666666666,396.23783463661283
2020-02-04,410.3733333333334,418.2841849784655
2020-02-05,405.315,424.9138665173945
2020-02-06,395.07083333333327,423.6696547697044
2020-02-07,389.1616666666667,416.9096430291683
2020-02-08,388.2716666666667,405.2836132724212
2020-02-09,367.01,404.10756724358396
2020-02-10,362.81,394.1633284112112
2020-02-11,401.27833333333336,378.2110465427231
2020-02-12,384.32,404.00454864241783
2020-02-13,397.93,398.43513562796113
2020-02-14,440.0233333333333,405.7069815760382
2020-02-15,474.2316666666666,440.74169748012713
2020-02-16,474.91333333333336,475.983201535174
2020-02-17,503.10666666666674,494.27375535625777
2020-02-18,502.565,527.8879642195853
2020-02-19,538.9816666666667,522.9326777880905
2020-02-20,566.8866666666667,556.7481807788105
2020-02-21,604.065,593.5544497890666
2020-02-22,576.5191666666667,632.7887736204744
2020-02-23,470.4495833333333,618.5986778306338
2020-02-24,490.49708333333336,537.97056825382
2020-02-25,445.28583333333336,526.1180377236949
2020-02-26,390.4575,485.41589380870033
2020-02-27,306.0225,436.1822933300937
2020-02-28,328.56,348.30072539585905
2020-02-29,281.87125,333.05613009726625
2020-03-01,324.37708333333336,281.3779529492108
2020-03-02,402.615,311.66187472810844
2020-03-03,468.85625,374.24687399207716
2020-03-04,457.7633333333333,447.3154488074719
2020-03-05,446.78583333333336,458.04623463050956
2020-03-06,410.69583333333327,457.86661024626085
2020-03-07,361.4008333333333,420.8020544139638
2020-03-08,358.2716666666667,386.14755565006004
2020-03-09,351.1116666666667,374.1668723642263
2020-03-10,354.5716666666667,368.25725525516253
2020-03-11,348.74083333333334,360.3937892183387
2020-03-12,338.25500000000005,354.4910842631037
2020-03-13,313.7441666666667,342.2252470490133
2020-03-14,299.9770833333334,315.7529200630702
2020-03-15,281.93541666666664,303.6541588846179
2020-03-16,316.5466666666667,284.1761687799199
2020-03-17,340.9458333333333,300.0414052426536
2020-03-18,361.45166666666665,321.4547407397262
2020-03-19,370.7816666666667,349.92352230358927
2020-03-20,371.31,359.36775070762525
2020-03-21,345.6091666666666,373.5982807727633
2020-03-22,348.4395833333333,357.8820897326657
2020-03-23,349.5508333333333,365.9153397144578
2020-03-24,361.9783333333333,370.2848776875556
2020-03-25,339.4041666666667,374.7493720078051
2020-03-26,321.62,342.97185276934295
2020-03-27,272.40583333333336,321.19862205147155
2020-03-28,232.9958333333333,277.90704355414806
2020-03-29,241.9183333333333,239.58288379887222
2020-03-30,227.40166666666667,246.46732219367243
2020-03-31,202.7783333333333,239.64352928732646
2020-04-01,204.19875,208.10248571178005
2020-04-02,184.3379166666667,191.95522235750704
2020-04-03,169.905,166.905382005315
2020-04-04,203.68166666666664,148.57272385408027
2020-04-05,254.3325,177.8057386589049
2020-04-06,267.0991666666667,229.77161656030214
2020-04-07,255.4833333333333,254.7188729220666
2020-04-08,261.98,253.8242463261587
2020-04-09,232.44,254.32141268929178
2020-04-10,223.26083333333332,228.84800997902238
2020-04-11,245.36666666666667,223.2707532678719
2020-04-12,258.77166666666665,241.48497473935646
2020-04-13,236.9141666666667,256.96890294028856
2020-04-14,238.17625,245.28550622356408
2020-04-15,241.53666666666663,241.49837573147852
2020-04-16,250.64,235.4145404085702
2020-04-17,262.6033333333333,245.02401828791565
2020-04-18,268.69416666666666,262.1383598695641
2020-04-19,218.08875,270.67624169850063
2020-04-20,260.13416666666666,230.35290143436217
2020-04-21,262.9175,256.8910086488855
2020-04-22,259.81666666666666,260.1680711933289
2020-04-23,235.3245833333333,261.16665040455354
2020-04-24,236.1483333333333,245.31548138863664
2020-04-25,205.34583333333333,242.30270091563725
2020-04-26,240.95041666666668,214.04147986365825
2020-04-27,328.31333333333333,241.66376860590802
2020-04-28,368.1658333333333,310.0188185390105
2020-04-29,352.2625,360.253301848487
2020-04-30,337.9008333333333,360.0238845874607
2020-05-01,283.00416666666666,351.9946390321449
2020-05-02,315.1016666666667,305.038557908317
2020-05-03,297.5358333333333,331.295650248229
2020-05-04,307.7583333333333,328.09438760261185
2020-05-05,289.32666666666665,328.3622748217536
2020-05-06,275.9604166666667,302.605795393074
2020-05-07,300.7475,287.01701108314444
2020-05-08,324.28375,295.6319615250646
2020-05-09,256.1075,324.42169583204156
2020-05-10,306.44666666666666,286.0647551800096
2020-05-11,328.89916666666664,313.36631518231087
2020-05-12,329.43416666666667,323.07619799013884
2020-05-13,330.40125,334.722419434429
2020-05-14,404.46,336.1273202861093
2020-05-15,443.6325,394.83965543638953
2020-05-16,460.64208333333335,445.45737727319283
2020-05-17,454.92,483.2920277569839
2020-05-18,457.3079166666666,487.87468324056454
2020-05-19,397.3941666666667,496.6811076344691
2020-05-20,365.2833333333333,443.86524631552606
2020-05-21,363.3879166666666,404.47157761920215
2020-05-22,280.46750000000003,384.9313625607444
2020-05-23,311.5233333333333,312.8675038379166
2020-05-24,341.17,320.4970987079166
2020-05-25,475.6083333333333,346.8577307438115
2020-05-26,463.0233333333333,456.51484532596544
2020-05-27,450.7191666666667,475.30734204450846
2020-05-28,446.27375,475.7619038357991
2020-05-29,414.2941666666666,455.2223778403161
2020-05-30,400.97,441.74803517090237
2020-05-31,314.4141666666667,431.9612831822457
2020-06-01,363.7166666666667,359.6801484995917
2020-06-02,382.83125,371.2451317520972
2020-06-03,350.6095833333333,389.0932582598734
2020-06-04,345.7708333333333,367.01558374765585
2020-06-05,367.875,361.0901238312062
2020-06-06,375.3516666666667,371.1179740372571
2020-06-07,361.8541666666667,379.60022317798257
2020-06-08,406.205,377.94187002201596
2020-06-09,420.0625,399.929067261597
2020-06-10,416.1620833333333,413.80897853549504
2020-06-11,400.8404166666666,418.29312879338045
2020-06-12,389.8454166666667,417.5471021496931
2020-06-13,354.93291666666664,408.6479942995729
2020-06-14,307.01375,385.3476620568348
2020-06-15,281.07958333333335,347.1327373540535
2020-06-16,279.4120833333333,305.26899950781734
2020-06-17,310.0620833333333,279.6514173272133
2020-06-18,265.115,297.3759956376148
2020-06-19,254.655,259.31495407635236
2020-06-20,238.88083333333336,237.17151273415888
2020-06-21,234.19916666666663,228.67538611664787
2020-06-22,220.93166666666664,234.3467466909926
2020-06-23,234.2433333333333,221.96929211391463
2020-06-24,227.28583333333333,222.3620879953321
2020-06-25,250.0495833333333,216.25515145848036
2020-06-26,251.9725,228.96460481053668
2020-06-27,240.98125,233.55651222828618
2020-06-28,215.6545833333333,230.8141903049458
2020-06-29,224.3245833333333,212.13036405034396
2020-06-30,225.57,226.51657348971747
2020-07-01,239.33666666666667,220.44619284455558
2020-07-02,209.1833333333333,227.9812520908631
2020-07-03,200.27166666666665,206.0037149425694
2020-07-04,178.56499999999997,194.68399348583702
2020-07-05,163.8975,168.18966818396214
2020-07-06,146.61249999999998,159.94453513339397
2020-07-07,149.82208333333332,148.90216168547317
2020-07-08,149.86416666666668,144.79580755189022
2020-07-09,140.7483333333333,139.4967423475182
2020-07-10,151.27916666666667,130.64298380873757
2020-07-11,132.59916666666666,130.79351051320364
2020-07-12,118.47333333333334,118.08461502778916
2020-07-13,143.68875,108.44329403055015
2020-07-14,138.72208333333333,127.14308572270163
2020-07-15,148.695,132.8540217078387
2020-07-16,147.89833333333334,139.65118713809434
2020-07-17,143.455,135.83377488925927
2020-07-18,133.48583333333332,133.08964836903058
2020-07-19,130.27,125.95894944091624
2020-07-20,155.295,124.7471743772885
2020-07-21,162.4375,145.83324374453636
2020-07-22,167.11083333333332,156.68519998001096
2020-07-23,173.05583333333334,163.05533109315982
2020-07-24,177.44625,168.69973124143814
2020-07-25,182.21,169.59248844400236
2020-07-26,178.07083333333333,176.03643532773668
2020-07-27,156.08166666666668,180.71446757634905
2020-07-28,148.8375,165.1619411145769
2020-07-29,143.97083333333333,156.05318436838039
2020-07-30,134.38791666666663,147.74205327177876
2020-07-31,117.4575,134.44286835509632
2020-08-01,131.52416666666667,118.4520860005819
2020-08-02,131.28916666666666,126.0489148780732
2020-08-03,146.39333333333337,125.18595798594876
2020-08-04,152.595,138.72080809416127
2020-08-05,143.4358333333333,147.99673330957876
2020-08-06,159.2075,141.52175851482616
2020-08-07,171.85833333333332,150.97566409586787
2020-08-08,191.575,165.21842833941687
2020-08-09,200.205,182.95955768493872
2020-08-10,197.25583333333336,199.4706951380786
2020-08-11,201.05,203.05382833631157
2020-08-12,186.96416666666667,205.6978165857464
2020-08-13,182.2025,195.9658127274326
2020-08-14,170.8133333333333,190.51032073897676
2020-08-15,154.30666666666664,180.18656611345997
2020-08-16,149.49166666666665,161.41252350179118
2020-08-17,170.86333333333334,153.45080569205032
2020-08-18,166.09833333333333,166.47762976041363
2020-08-19,150.76833333333337,163.02434022318815
2020-08-20,151.22166666666666,153.31714575087236
2020-08-21,145.72666666666666,150.6777519370709
2020-08-22,149.34708333333333,144.81379717403715
2020-08-23,149.14666666666668,147.7975632771766
2020-08-24,146.2125,147.8966718436508
2020-08-25,146.2275,142.58490498825415
2020-08-26,136.99458333333334,141.77783728114736
2020-08-27,147.97916666666666,134.8944399149528
2020-08-28,153.98291666666668,140.8909684204472
2020-08-29,156.63666666666666,149.51448162122966
2020-08-30,151.10833333333335,156.09395221668376
2020-08-31,135.48833333333332,152.0067595651083
2020-09-01,163.685,136.8067515584042
2020-09-02,171.79583333333335,152.011630786916
2020-09-03,171.30500000000004,164.6597186864998
2020-09-04,165.86333333333334,169.79531673715428
2020-09-05,168.48583333333332,167.2656144276107
2020-09-06,162.18416666666667,169.86826894382529
2020-09-07,164.87416666666667,163.39088151510776
2020-09-08,164.3741666666667,166.91730556266566
2020-09-09,144.62916666666666,166.38316666704873
2020-09-10,146.95583333333337,149.66236583720448
2020-09-11,149.32666666666668,145.8629624008895
2020-09-12,154.39333333333337,145.91306669266842
2020-09-13,141.55916666666667,149.1357426483061
2020-09-14,140.39624999999998,144.1053348330118
2020-09-15,161.14416666666668,141.93388696856198
2020-09-16,159.48416666666668,152.18376383088395
2020-09-17,138.18375,155.42012600154823
2020-09-18,162.93166666666664,142.31612824509028
2020-09-19,159.465,156.52335598881047
2020-09-20,136.92541666666668,155.41245873333904
2020-09-21,152.50666666666666,142.20094467512283
2020-09-22,165.94541666666666,149.64842254165305
2020-09-23,145.49458333333334,159.74730185337197
2020-09-24,142.30166666666668,149.1759088342198
2020-09-25,133.87833333333333,146.0024686441745
2020-09-26,150.21333333333334,133.14569817436902
2020-09-27,123.84,143.3878009489678
2020-09-28,124.48958333333331,126.30848773384385
2020-09-29,122.35083333333334,124.42136257151127
2020-09-30,139.22166666666666,119.23198818125097
2020-10-01,154.665,131.11806741696137
2020-10-02,148.9975,145.98385339877305
2020-10-03,140.01125,146.31262300012943
2020-10-04,113.06374999999998,137.86355489468627
2020-10-05,147.18375,119.68053134623976
2020-10-06,139.10875,138.23290474912184
2020-10-07,158.14333333333337,135.63538257886324
2020-10-08,168.60166666666666,154.25505892578997
2020-10-09,161.92708333333334,164.16996184309866
2020-10-10,181.06166666666664,159.95354909505153
2020-10-11,162.20583333333337,174.78641431434383
2020-10-12,192.1625,167.35225572167167
2020-10-13,206.75,189.3789288123813
2020-10-14,191.3166666666667,209.65252563748774
2020-10-15,191.76416666666668,198.28630616367204
2020-10-16,187.0483333333333,195.86327223438533
2020-10-17,207.1733333333333,191.8023322892362
2020-10-18,194.0825,204.84698726720436
2020-10-19,185.47333333333336,202.77599929616153
2020-10-20,205.09958333333336,197.7498844926095
2020-10-21,258.83416666666665,207.68408607887386
2020-10-22,295.56,250.6112843485204
2020-10-23,323.09833333333336,291.19085838146265
2020-10-24,275.75375,327.1744343520505
2020-10-25,204.5445833333333,297.86546964845644
2020-10-26,243.05166666666665,234.9702124196326
2020-10-27,264.4420833333333,250.9402088326331
2020-10-28,238.4125,274.46904509551257
2020-10-29,218.28125,263.0731955983821
2020-10-30,202.5258333333333,238.77729319146974
2020-10-31,187.3370833333333,208.17018052378756
2020-11-01,142.21666666666667,186.0860682554391
2020-11-02,189.47708333333333,155.71871753024365
2020-11-03,217.14291666666668,185.66411866799223
2020-11-04,201.20416666666668,208.68904874780182
2020-11-05,201.4779166666667,203.0977866603367
2020-11-06,237.9466666666667,194.5768208020968
2020-11-07,209.455,217.5582946499071
2020-11-08,208.35833333333332,205.28623684633646
2020-11-09,214.26166666666663,215.60508539844224
2020-11-10,219.4745833333333,221.64862035086855
2020-11-11,221.115,223.00952719846887
2020-11-12,181.09416666666667,226.21629707310805
2020-11-13,188.84875,192.85594167157572
2020-11-14,149.44083333333333,181.16757043516506
2020-11-15,117.17375,153.46485792013232
2020-11-16,114.62416666666668,123.31229675854478
2020-11-17,139.21208333333334,110.98664754216568
2020-11-18,159.58916666666667,129.05090345062155
2020-11-19,148.23125000000002,148.85810593480684
2020-11-20,152.71375,141.74798166501787
2020-11-21,159.83666666666667,134.91667142628455
2020-11-22,133.45041666666663,140.08186235210545
2020-11-23,209.84958333333336,131.12309418964247
2020-11-24,274.70666666666665,195.65971024344026
2020-11-25,187.31166666666664,258.000202318627
2020-11-26,204.67,206.913584695429
2020-11-27,180.26291666666663,203.60529625120842
2020-11-28,156.09291666666667,181.38498982865298
2020-11-29,143.6525,161.3345314974552
2020-11-30,136.57416666666668,155.00001261804252
2020-12-01,130.91333333333333,151.78647357030047
2020-12-02,120.80916666666668,129.97542139203753
2020-12-03,115.08416666666666,116.09884979786489
2020-12-04,115.67666666666666,107.49548950542082
2020-12-05,112.4575,104.1670967327661
2020-12-06,121.15916666666668,100.73072907427894
2020-12-07,135.83666666666667,117.43971198205651
2020-12-08,123.52500000000002,126.15178500755376
2020-12-09,132.77124999999998,117.92967863699307
2020-12-10,131.95833333333334,124.69421968247208
2020-12-11,146.04166666666666,123.32336734119025
2020-12-12,148.26583333333335,132.78381851330178
2020-12-13,162.43333333333334,143.88611214955202
2020-12-14,171.78833333333333,161.561520701268
2020-12-15,192.35333333333332,167.456292866052
2020-12-16,198.6683333333333,192.68495758934353
2020-12-17,190.06,196.9224808534513
2020-12-18,205.1525,188.44301610557716
2020-12-19,210.4375,204.3926887905729
2020-12-20,208.57666666666668,212.64715447090472
2020-12-21,223.5641666666667,215.07839922746845
2020-12-22,204.815,238.53386588865686
2020-12-23,207.365,216.80797248157725
2020-12-24,210.60666666666663,210.86276079291426
2020-12-25,182.4141666666667,217.68346322421863
2020-12-26,164.62583333333333,194.77475115998095
2020-12-27,132.31625,176.08145101167017
2020-12-28,170.20916666666668,144.6100228840924
2020-12-29,173.31916666666666,163.69979752705868
2020-12-30,170.85791666666668,168.59942609692206
2020-12-31,146.0716666666667,169.0520352911114
2021-01-01,152.35166666666666,148.57653649870778
2021-01-02,130.05416666666667,147.58729186587968
2021-01-03,137.785,129.56618739160746
2021-01-04,153.23958333333334,138.64147226477405
2021-01-05,171.19999999999996,145.81677343857598
2021-01-06,181.97333333333333,162.22630179578596
2021-01-07,175.62041666666667,172.5588446024108
2021-01-08,173.27291666666667,171.48204925519835
2021-01-09,155.77666666666667,168.54859189617812
2021-01-10,153.69291666666666,161.13382217158573
2021-01-11,158.79,157.8323809250581
2021-01-12,136.24791666666667,160.46734381645632
2021-01-13,133.34666666666666,141.8591371872943
2021-01-14,137.19541666666666,130.38155493493025
2021-01-15,150.00666666666666,128.8016700416376
2021-01-16,144.63333333333333,139.15009848489112
2021-01-17,158.27833333333334,141.25276227084464
2021-01-18,174.4525,155.28855570810546
2021-01-19,179.68833333333336,168.3289019127274
2021-01-20,192.21416666666667,175.36474834212868
2021-01-21,199.4525,188.9339926807447
2021-01-22,210.5275,194.3967715886606
2021-01-23,233.89666666666665,205.65705233362655
2021-01-24,216.63166666666663,230.59538177179655
2021-01-25,246.6533333333333,227.7684416568111
2021-01-26,240.69375,254.06733175490072
2021-01-27,234.4633333333333,252.63070715337162
2021-01-28,236.15,247.32647109535134
2021-01-29,220.7125,244.42170607831255
2021-01-30,221.15416666666667,232.74322147205635
2021-01-31,215.5883333333333,228.58544648914418
2021-02-01,237.6341666666667,225.58278316796392
2021-02-02,279.7058333333334,240.09141446538246
2021-02-03,286.4833333333333,278.15967152026326
2021-02-04,256.17583333333334,291.75042709108095
2021-02-05,250.3358333333333,272.55553629954835
2021-02-06,261.6575,262.5372763518309
2021-02-07,258.12666666666667,267.673198194669
2021-02-08,276.9891666666667,271.9694479994472
2021-02-09,289.1766666666667,286.4674856323498
2021-02-10,294.9725,295.0031115175483
2021-02-11,292.37916666666666,301.656305098099
2021-02-12,291.25333333333333,302.9910046871495
2021-02-13,280.265,302.28512687244256
2021-02-14,253.4670833333333,296.0852111452007
2021-02-15,285.30833333333334,276.1264836754023
2021-02-16,292.7191666666667,291.8807539504276
2021-02-17,301.87333333333333,297.4970865376107
2021-02-18,271.295,305.3971282610084
2021-02-19,270.6666666666667,283.2458578153378
2021-02-20,266.4004166666667,279.0440901528745
2021-02-21,260.3016666666667,272.0136643570722
2021-02-22,274.7941666666667,274.21844218741734
2021-02-23,265.2041666666667,284.31527711454277
2021-02-24,247.01916666666668,272.10274754110725
2021-02-25,251.15666666666667,252.1579515851869
2021-02-26,280.37,248.8040566913471
2021-02-27,256.2683333333334,268.3813960013413
2021-02-28,231.53958333333333,262.5065610912797
2021-03-01,217.41666666666663,245.34199448275515
2021-03-02,218.34333333333333,227.25973683418312
2021-03-03,201.6508333333333,220.09665314407482
2021-03-04,179.1925,201.29388044230984
2021-03-05,199.7933333333333,178.74049792518832
2021-03-06,180.51166666666663,186.60326180716538
2021-03-07,173.43333333333337,175.2892895883571
2021-03-08,197.35833333333332,168.6516555303042
2021-03-09,181.4375,185.54581375343028
2021-03-10,174.42416666666668,175.88288782564106
2021-03-11,167.42333333333332,170.31801359565645
2021-03-12,174.42166666666665,160.82440039617066
2021-03-13,177.0354166666667,160.99480413993203
2021-03-14,153.20083333333335,164.925363999622
2021-03-15,183.24750000000003,152.866997009373
2021-03-16,185.00916666666663,171.73092287155336
2021-03-17,169.9125,176.6492388559184
2021-03-18,170.96749999999997,168.9584127053291
2021-03-19,152.09833333333333,165.7004256644172
2021-03-20,131.77833333333334,150.6698007047458
2021-03-21,122.99833333333332,131.30631962412116
2021-03-22,127.39666666666666,121.92574500755845
2021-03-23,135.76000000000002,118.66325472757813
2021-03-24,128.26916666666668,123.16704981486316
2021-03-25,138.58666666666667,121.54510840163347
2021-03-26,137.7675,129.66213200374335
2021-03-27,144.74,129.06348345125042
2021-03-28,147.7775,135.71389168501514
2021-03-29,155.14333333333337,140.884128306296
2021-03-30,160.10666666666663,148.62764826747934
2021-03-31,155.60166666666666,154.10325815147075
2021-04-01,149.955,151.2864511707929
2021-04-02,150.51833333333337,147.5091983219734
2021-04-03,151.43166666666664,148.64517226149792
2021-04-04,157.17,150.05524516003538
2021-04-05,175.07833333333335,158.72006900274627
2021-04-06,163.235,171.78923743676754
2021-04-07,154.07416666666668,164.8637650940563
2021-04-08,151.3275,155.34110732392554
2021-04-09,162.15333333333334,148.93979681394174
2021-04-10,140.78083333333333,158.799463987783
2021-04-11,135.39,143.87193561829545
2021-04-12,143.27833333333334,138.82478246393643
2021-04-13,154.6475,142.7739347109424
2021-04-14,149.59166666666667,149.55569318767186
2021-04-15,146.9625,147.88872357477305
2021-04-16,159.765,147.07571437686764
2021-04-17,167.9983333333333,152.73456516304825
2021-04-18,160.71666666666667,163.4565582462462
2021-04-19,174.295,162.21498265611058
2021-04-20,174.65333333333334,172.5958090879581
2021-04-21,186.68833333333336,172.7665960742171
2021-04-22,177.80916666666667,184.77443753526694
2021-04-23,171.6,180.82265151614754
2021-04-24,179.25666666666666,175.71351532603217
2021-04-25,182.04083333333332,181.6073235879366
2021-04-26,188.3258333333333,185.9303629250825
2021-04-27,181.77,190.43499532420338
2021-04-28,175.87416666666664,185.98168197866806
2021-04-29,165.20333333333335,178.40573406959084
2021-04-30,144.48916666666665,167.9704265346885
